rmse_0,rmse_1,rmse_2,rmse_3
0.4321037172623599,0.5063692876074405,0.46098297051458353,0.4437054079405337
