rmse_0,rmse_1,rmse_2,rmse_3
0.5357870659421988,0.646714279808777,0.6117025092087897,0.5129980124721709
